{"cameraMode":{"drawMode":0,"name":"Shaded","section":"Shading Mode"},"sceneLighting":false,"audioPlay":false,"sceneViewState":{"showFog":true,"showMaterialUpdate":false,"showSkybox":false,"showFlares":true,"showImageEffects":true,"showParticleSystems":true},"in2DMode":false,"pivot":{"x":-9.0,"y":2.5299999713897707,"z":11.449999809265137},"rotation":{"x":0.00418854458257556,"y":-0.03089694119989872,"z":-0.00014282582560554147,"w":-0.9995138049125671},"size":13.373236656188965,"orthographic":true}