{"cameraMode":{"drawMode":0,"name":"Shaded","section":"Shading Mode"},"sceneLighting":false,"audioPlay":false,"sceneViewState":{"showFog":true,"showMaterialUpdate":false,"showSkybox":false,"showFlares":true,"showImageEffects":true,"showParticleSystems":true},"in2DMode":false,"pivot":{"x":9.0,"y":1.834841251373291,"z":11.59167766571045},"rotation":{"x":-0.03180346637964249,"y":-0.00390032515861094,"z":0.00011072167399106547,"w":-0.9994866251945496},"size":6.75562047958374,"orthographic":true}