{"cameraMode":{"drawMode":0,"name":"Shaded","section":"Shading Mode"},"sceneLighting":true,"audioPlay":false,"sceneViewState":{"showFog":true,"showMaterialUpdate":false,"showSkybox":true,"showFlares":true,"showImageEffects":true,"showParticleSystems":true},"in2DMode":false,"pivot":{"x":1.8610305786132813,"y":-0.9353103637695313,"z":-0.9986838102340698},"rotation":{"x":-0.701291561126709,"y":-0.01026572473347187,"z":0.010101155377924443,"w":-0.7127291560173035},"size":36.566566467285159,"orthographic":false}