{"cameraMode":{"drawMode":0,"name":"Shaded","section":"Shading Mode"},"sceneLighting":false,"audioPlay":false,"sceneViewState":{"showFog":true,"showMaterialUpdate":false,"showSkybox":false,"showFlares":true,"showImageEffects":true,"showParticleSystems":true},"in2DMode":false,"pivot":{"x":12.916770935058594,"y":-2.0152816772460939,"z":0.1013253927230835},"rotation":{"x":-0.02623468078672886,"y":0.5002018809318543,"z":-0.015170328319072724,"w":-0.8653783798217773},"size":43.46516799926758,"orthographic":true}