{"cameraMode":{"drawMode":0,"name":"Shaded","section":"Shading Mode"},"sceneLighting":false,"audioPlay":false,"sceneViewState":{"showFog":true,"showMaterialUpdate":false,"showSkybox":false,"showFlares":true,"showImageEffects":true,"showParticleSystems":true},"in2DMode":false,"pivot":{"x":8.200087547302246,"y":2.164602279663086,"z":0.3874626159667969},"rotation":{"x":0.00562935508787632,"y":0.1455770879983902,"z":0.0008285950752906501,"w":-0.9893305897712708},"size":6.594464302062988,"orthographic":false}