{"cameraMode":{"drawMode":0,"name":"Shaded","section":"Shading Mode"},"sceneLighting":true,"audioPlay":false,"sceneViewState":{"showFog":true,"showMaterialUpdate":false,"showSkybox":true,"showFlares":true,"showImageEffects":true,"showParticleSystems":true},"in2DMode":false,"pivot":{"x":4.646881580352783,"y":5.412766933441162,"z":-0.6521048545837402},"rotation":{"x":-0.1975145936012268,"y":0.4091886579990387,"z":-0.09120595455169678,"w":-0.8861343860626221},"size":8.563161849975586,"orthographic":false}